"","gene_node_idx","gene_node_name","Weight1","node1","Weight2","node2","t2ds_no_t2ds_pvalue","pret2ds_no_t2ds_pvalue"
"1",36,"AFDN",0.252370203545445,"node_type1",0.252368583108856,"node_type2",0.0502210571129326,0.0100890600762468
"2",41,"AIM2",0.232109428956863,"node_type1",0.235060564882265,"node_type2",0.0178183193898087,0.26629729631495
"3",52,"APAF1",0.217460589895098,"node_type1",0.219403915480128,"node_type2",0.20364347588556,0.029787156722245
"4",61,"ARF6",0.143962912010512,"node_type1",0.14379984712443,"node_type2",0.0158101498937261,0.0470060475383765
"5",73,"ATG16L1",0.108177212301969,"node_type1",0.106631696729491,"node_type2",0.0526049488930237,0.0534850255903197
"6",102,"AZI2",0.255020457964857,"node_type1",0.255835430402858,"node_type2",0.0197823795542881,0.122195880640765
"7",107,"BCL10",0.0374551346419493,"node_type1",0.0374493346601866,"node_type2",0.0150954145949223,0.0673912948221108
"8",110,"BCL2L1",0.0690318461135663,"node_type1",0.0686731813857538,"node_type2",0.0447209122747484,0.062642246800028
"9",112,"BCL3",0.131009398373414,"node_type1",0.128826332154854,"node_type2",0.0098935015226612,0.0763822539566287
"10",115,"BEX3",0.41382312387549,"node_type1",0.412995600763461,"node_type2",0.0074912252165908,0.155645575780763
"11",116,"BID",0.593912776213787,"node_type1",0.593533324533566,"node_type2",0.145342581262079,0.166957608550261
"12",130,"BRCC3",0.266181490260265,"node_type1",0.259984872085192,"node_type2",0.0373430755568526,0.123148390565156
"13",137,"CACYBP",0.279408928214559,"node_type1",0.270698875808897,"node_type2",0.178314240226357,0.155431109563638
"14",149,"CARD11",0.0602493374179891,"node_type1",0.0604268516701197,"node_type2",0.411452719734296,0.39012625003297
"15",151,"CARD16",0.275160831862745,"node_type1",0.274049506330128,"node_type2",0.0297638636077187,0.0007048262608023
"16",153,"CARD8",0.333333333333333,"node_type1",0.333333333333333,"node_type2",0.194496069723543,0.277549555878038
"17",155,"CASP1",0.133665287891695,"node_type1",0.131390422743745,"node_type2",0.287382713510719,0.0449987078313646
"18",156,"CASP10",0.067439802052628,"node_type1",0.0676151916535231,"node_type2",0.0045051002233087,0.0133599014117992
"19",158,"CASP4",0.34028269171951,"node_type1",0.339526781229105,"node_type2",0.345641405976357,0.235118237062539
"20",159,"CASP5",0.323266679111372,"node_type1",0.33709381382288,"node_type2",0.0529856923439739,0.13072796254824
"21",161,"CASP8",0.0466931489357036,"node_type1",0.0467352183701292,"node_type2",0.0690212185230067,0.260322463735437
"22",162,"CASP9",0.0860553879937763,"node_type1",0.0865292686076529,"node_type2",0.0034362699258957,0.0012965136312066
"23",167,"CBLB",0.073616783465445,"node_type1",0.0729301693838576,"node_type2",0.0477180575197994,0.180389910676736
"24",189,"CD14",0.213483909600245,"node_type1",0.209950069877628,"node_type2",0.0248391547244728,0.0201406536878838
"25",192,"CD247",0.106009749456377,"node_type1",0.108428961837721,"node_type2",0.165423026235092,0.139058201393804
"26",196,"CD3E",0.182911831051245,"node_type1",0.183147415129846,"node_type2",0.102593996900441,0.300782642033772
"27",197,"CD4",0.183237164337392,"node_type1",0.185588687792436,"node_type2",0.0499659199520587,0.0715393287260281
"28",198,"CD40",0.198083794743667,"node_type1",0.197973618729003,"node_type2",0.0865327214275202,0.0535154696739157
"29",199,"CD40LG",0.360766290992297,"node_type1",0.361814809111264,"node_type2",0.000129985405944,0.0467611073362453
"30",203,"CD80",0.2,"node_type1",0.2,"node_type2",0.0456568956536384,0.0602894165175113
"31",205,"CD86",0.2,"node_type1",0.2,"node_type2",0.0270864858614348,0.0037797156122222
"32",206,"CD8A",0.180962808245451,"node_type1",0.18424482348391,"node_type2",0.212756558075034,0.180549752485816
"33",207,"CD8B",0.181483816019343,"node_type1",0.187939933288712,"node_type2",0.108218691615287,0.0246346517648026
"34",211,"CDH1",0.265962917474389,"node_type1",0.26730002145899,"node_type2",0.0300224741287484,0.0013952679665447
"35",222,"CFLAR",0.132194691846992,"node_type1",0.133870898325126,"node_type2",0.0231291245195539,0.0187611955554858
"36",230,"CLEC1B",0.220433882217941,"node_type1",0.228000588987179,"node_type2",0.0112745412842247,0.005496917913558
"37",231,"CLEC4D",0.292573362638317,"node_type1",0.29363032297703,"node_type2",0.0083304347293443,0.013231933874338
"38",232,"CLEC4E",0.147296298258502,"node_type1",0.146567537650115,"node_type2",0.0901371561068095,0.0309908519657916
"39",233,"CLEC7A",0.170605666791367,"node_type1",0.170790520796138,"node_type2",0.0194236046308694,0.313109379051738
"40",276,"CTNNA1",0.0632769996053375,"node_type1",0.063310619682536,"node_type2",0.0964537900567162,0.201282109594415
"41",279,"CTNND1",0.352863803305882,"node_type1",0.3524355975625,"node_type2",0.0063052857538576,0.0670608422154787
"42",281,"CTSD",0.50724403395133,"node_type1",0.507243397407999,"node_type2",0.139664512276614,0.497378864983964
"43",282,"CUL1",0.071659718738079,"node_type1",0.0716341393046122,"node_type2",0.0126013067639521,0.0948419054155996
"44",298,"CYCS",0.191399238766649,"node_type1",0.191900593391268,"node_type2",0.0232613752390711,0.0186132473932437
"45",299,"CYLD",0.0955452894529342,"node_type1",0.0959317640665273,"node_type2",0.0015783159127327,0.0156259720764223
"46",313,"DCHS1",0.31817752015098,"node_type1",0.317310830903205,"node_type2",0.218294303656936,0.0242449504078824
"47",317,"DDX3X",0.183020010102941,"node_type1",0.183764719982051,"node_type2",0.0147997352169815,0.0519249713972889
"48",319,"DHX33",0.547941583721585,"node_type1",0.548028496787438,"node_type2",0.264341853721338,0.0166008062989165
"49",320,"DHX58",0.347264939343431,"node_type1",0.346993297875513,"node_type2",0.171485411472971,0.0570746873726001
"50",382,"ERBIN",1,"node_type1",1,"node_type2",0.0139672700050136,0.0573960812152077
"51",391,"EXOC2",0.167007963685644,"node_type1",0.166715813069528,"node_type2",0.311146394916237,0.0312211398483257
"52",392,"EXOC7",0.19567602905,"node_type1",0.195505852442949,"node_type2",0.0394987053047414,0.0090647102257209
"53",395,"FADD",0.0484288851730051,"node_type1",0.0484416829077813,"node_type2",0.17791293713803,0.256493839536576
"54",401,"FAT4",0.40181501145098,"node_type1",0.403577251173077,"node_type2",0.42886297721414,0.39967842615613
"55",405,"FBXW11",0.110266276151229,"node_type1",0.110314801095865,"node_type2",0.0048885571011634,0.0041631384170604
"56",406,"FCER1A",0.0560630460793746,"node_type1",0.0559020670837249,"node_type2",0.0104229672178423,0.0136193474938397
"57",407,"FCER1G",0.0832250002648843,"node_type1",0.0834992683465258,"node_type2",0.0126234261924804,0.486699351549563
"58",437,"FYB1",0.125279424380471,"node_type1",0.125330029450777,"node_type2",0.0371161238365934,0.0354306411772339
"59",438,"FYN",0.0595541529554125,"node_type1",0.0598284540559197,"node_type2",0.231981476638541,0.123148423197889
"60",484,"GRAP2",0.102475017617297,"node_type1",0.102455633581616,"node_type2",0.104176979179463,0.0263144006634672
"61",497,"GSDMD",0.159081331170931,"node_type1",0.160593379338424,"node_type2",0.229799881662215,0.265875106790412
"62",532,"HSPB1",0.23180983102648,"node_type1",0.231851054138182,"node_type2",0.031027718515984,0.329890870815756
"63",535,"ICOS",0.0221186374690699,"node_type1",0.02211979285379,"node_type2",0.0242246034607854,0.194017825895251
"64",538,"IFI16",0.179489966568736,"node_type1",0.178990261369159,"node_type2",0.0108800487232719,0.299638085786354
"65",539,"IFIH1",0.214482338457254,"node_type1",0.21458605788988,"node_type2",0.0207560933314757,0.0026532836541101
"66",544,"IFNK",0.0287913175740791,"node_type1",0.0289527465960031,"node_type2",0.186067972670611,0.180230151887399
"67",550,"IKBKE",0.0376239791054279,"node_type1",0.0376162260452761,"node_type2",0.315029264265824,0.0939708937461003
"68",564,"IL1B",0.258321372286536,"node_type1",0.258125402515076,"node_type2",0.0797265684745273,0.0184174742637734
"69",565,"IL1R1",0.266139295994123,"node_type1",0.266080500732414,"node_type2",0.0149148094904134,0.118791253534292
"70",566,"IL1RAP",0.311112381483333,"node_type1",0.310973664969231,"node_type2",0.0014563815647436,0.0130418762220774
"71",568,"IL23A",0.0394598582318229,"node_type1",0.0386439239289312,"node_type2",0.0704118856212451,0.298837481920515
"72",594,"IRF3",0.0836914968861916,"node_type1",0.0836228485294292,"node_type2",0.0361647540640318,0.16233127805604
"73",596,"IRF7",0.0936932958846497,"node_type1",0.0943744838076338,"node_type2",0.294207572993023,2.63834300086723e-05
"74",600,"ITCH",0.141304823981498,"node_type1",0.141967676908532,"node_type2",0.0067159891752753,0.0591246899284761
"75",660,"LAT",0.0334969909434418,"node_type1",0.0334911181112805,"node_type2",0.0294374992175918,0.189587109295025
"76",661,"LATS1",0.148289639431944,"node_type1",0.148249329895166,"node_type2",0.0204157198047162,0.0136567594616306
"77",662,"LATS2",0.148688083691789,"node_type1",0.148657888176282,"node_type2",0.0052606420677571,0.0119349599897146
"78",663,"LCK",0.136508897614975,"node_type1",0.137515200186664,"node_type2",0.127028981614826,0.0941155894489665
"79",681,"LIMD1",0.236385039793028,"node_type1",0.236197025112536,"node_type2",0.0472996838525119,0.104120069851343
"80",694,"LSP1",0.113077906116861,"node_type1",0.113129601067711,"node_type2",0.149342182421223,0.101632824587662
"81",700,"LY96",0.362029550665988,"node_type1",0.363657175061302,"node_type2",0.0010006614007719,0.164110438280262
"82",745,"MAPKAPK2",0.0489858496453234,"node_type1",0.0488900072582864,"node_type2",0.0349107021836126,0.154717865929387
"83",747,"MAPKAPK5",0.243492315255293,"node_type1",0.243564952410154,"node_type2",0.018817287852054,0.0629546909196514
"84",749,"MAVS",0.057453999688263,"node_type1",0.0574868048232649,"node_type2",0.565459286725995,0.265769597682572
"85",771,"MEFV",0.195790120637221,"node_type1",0.195705202166724,"node_type2",0.0758460189443076,0.256185209599932
"86",772,"MFN1",0.142857142857143,"node_type1",0.142857142857143,"node_type2",0.0446547648445155,0.201108941613241
"87",773,"MFN2",0.142857142857143,"node_type1",0.142857142857143,"node_type2",0.0774525289700481,0.0273278004630596
"88",783,"MOB1A",0.25,"node_type1",0.25,"node_type2",0.0289307412897612,0.0143948192159862
"89",784,"MOB1B",0.25,"node_type1",0.25,"node_type2",0.228353331680859,0.310289635343861
"90",787,"MS4A2",0.0567908295699004,"node_type1",0.0566618066614377,"node_type2",0.0066220197606507,0.135936150945522
"91",800,"NAIP",0.336700426828137,"node_type1",0.336860814533205,"node_type2",0.112665602688342,0.383523060394387
"92",815,"NF2",0.147761462589061,"node_type1",0.147987975782671,"node_type2",0.17551918856507,0.228123307899731
"93",826,"NLRC4",0.134064372190648,"node_type1",0.133787704309675,"node_type2",0.26261359276678,0.0294193447466303
"94",827,"NLRP1",0.0971178695957488,"node_type1",0.0970266669170627,"node_type2",0.0272597290375435,0.169688974213678
"95",829,"NLRP3",0.0961566780745278,"node_type1",0.0957284454609328,"node_type2",0.0112444124923071,0.0779441255677453
"96",833,"NOD1",0.197033065346728,"node_type1",0.198071321529167,"node_type2",0.257213801117693,0.0638643990348177
"97",834,"NOD2",0.51756458015122,"node_type1",0.517476665600953,"node_type2",0.0893714850860372,0.102611573267765
"98",921,"PIN1",0.207820144980392,"node_type1",0.207703800554487,"node_type2",0.155951777796762,0.208831507277182
"99",924,"PKN2",0.0953848095384723,"node_type1",0.0953732781458056,"node_type2",0.055557903982867,0.0601891122739148
"100",1022,"PSTPIP1",0.5,"node_type1",0.5,"node_type2",0.133835449921262,0.385806207327665
"101",1040,"PYCARD",0.161373351579768,"node_type1",0.16249498036243,"node_type2",0.0400084144280035,0.0347708437082394
"102",1055,"RALA",0.0787821786657655,"node_type1",0.0787636344059602,"node_type2",0.0300460722292225,0.145739491522674
"103",1056,"RALB",0.0808733711201246,"node_type1",0.0808849416998575,"node_type2",0.0119954525750214,0.0054679223274687
"104",1057,"RALBP1",0.0457219693457847,"node_type1",0.0456929928427737,"node_type2",0.25111970596832,0.232705869560549
"105",1062,"RAPGEF1",0.117146389303624,"node_type1",0.117858410701887,"node_type2",0.0429937249014971,0.153016493765371
"106",1093,"RELB",0.0413414197423236,"node_type1",0.0414812867570312,"node_type2",0.229799885583904,0.064358716687601
"107",1095,"RGL1",0.0971039554430928,"node_type1",0.0970191820113028,"node_type2",0.0587307706002878,0.016225796805965
"108",1096,"RGL2",0.0806993653390676,"node_type1",0.0807273497028762,"node_type2",0.0801019593835079,0.0281625938952127
"109",1102,"RHOQ",0.0981106453264751,"node_type1",0.0980779071850152,"node_type2",0.0072580697818397,0.0936821351702576
"110",1108,"RNASEL",1,"node_type1",1,"node_type2",0.0077096250754724,0.0386829839041177
"111",1109,"RNF125",0.418087959797059,"node_type1",0.418423838894231,"node_type2",0.0257965071251276,0.360891228357625
"112",1146,"SAV1",0.196374140749415,"node_type1",0.196445712708045,"node_type2",0.200341177050235,0.232321488422663
"113",1173,"SIAH1",0.0913451154972523,"node_type1",0.0913132595877256,"node_type2",0.0514386523021708,0.0138167644896773
"114",1176,"SIKE1",0.166105081708627,"node_type1",0.166212656389231,"node_type2",0.0026654296416886,0.1972413193898
"115",1178,"SIPA1",0.261373406658002,"node_type1",0.261353788236442,"node_type2",0.0546500039786698,0.0187242230993355
"116",1182,"SKAP1",0.0565834326026271,"node_type1",0.0566091690047904,"node_type2",0.146897771847202,0.305280585138155
"117",1183,"SKP1",0.074264537937183,"node_type1",0.0728241008064816,"node_type2",0.0093371371485759,0.0632683645845717
"118",1237,"STING1",0.205791683492586,"node_type1",0.205743701672515,"node_type2",0.0352342605704837,0.242065749461063
"119",1239,"STK3",0.102833937647494,"node_type1",0.102898198030605,"node_type2",0.0160686148545644,0.0968991607473133
"120",1246,"SUGT1",0.103175392681823,"node_type1",0.10307681212412,"node_type2",0.315029565704217,0.242560031950122
"121",1247,"SYK",0.0282503205841644,"node_type1",0.028607070207518,"node_type2",0.039888097708346,0.0316082009737707
"122",1254,"TANK",0.0938545346940836,"node_type1",0.0938456059589414,"node_type2",0.0805865098395778,0.0074688784699013
"123",1261,"TBK1",0.071737043218797,"node_type1",0.0717253910945277,"node_type2",0.0639946166154508,0.2631410540802
"124",1262,"TBKBP1",0.122420812510809,"node_type1",0.122308539849295,"node_type2",0.241229572742859,0.296445200161525
"125",1263,"TBL1X",0.100987025696567,"node_type1",0.101117739385572,"node_type2",0.057493188764117,0.110659682460533
"126",1264,"TBL1XR1",0.100623318587427,"node_type1",0.100627142773337,"node_type2",0.0052910867669285,0.005669597764225
"127",1291,"TICAM1",0.0982650620782049,"node_type1",0.0982213509508493,"node_type2",0.0942282672588444,0.0352582049100726
"128",1295,"TKFC",0.234647101872745,"node_type1",0.234582865685551,"node_type2",0.227393064467873,0.0067421137188464
"129",1304,"TLR3",0.352688744578431,"node_type1",0.35256636749359,"node_type2",0.002703857864576,0.0691002990459583
"130",1305,"TLR4",0.185008935086092,"node_type1",0.185232699224759,"node_type2",0.0458934042321268,0.0739680654720682
"131",1316,"TNFRSF13C",0.515143433105458,"node_type1",0.515164267220008,"node_type2",0.0015952646835055,0.146216215991348
"132",1320,"TNFSF13B",0.569915430149698,"node_type1",0.569914597064724,"node_type2",0.0124145837715468,0.286447978682142
"133",1325,"TP53BP1",0.477119515715686,"node_type1",0.4814877275,"node_type2",0.431775426969104,0.241670542219683
"134",1333,"TRAF3IP2",0.0294355931396308,"node_type1",0.0294108777001358,"node_type2",0.0694026448478958,0.076382266760183
"135",1334,"TRAF4",0.151993707363725,"node_type1",0.151898121691666,"node_type2",0.0611436656910622,0.10676211671735
"136",1337,"TRIP10",0.187462623457843,"node_type1",0.187412401539744,"node_type2",0.128508980872948,0.0702354592115859
"137",1343,"TXN",0.333333333333333,"node_type1",0.333333333333333,"node_type2",0.207096804142088,0.235021386598709
"138",1344,"TXN2",0.333333333333333,"node_type1",0.333333333333333,"node_type2",0.315179539959143,0.339985317891811
"139",1345,"TXNIP",0.229389419238513,"node_type1",0.229399727791858,"node_type2",0.0564378043871153,0.121485133837362
"140",1379,"YWHAE",0.0546073218284849,"node_type1",0.054585799479346,"node_type2",0.0805326136486141,0.317132172534625
"141",1382,"YWHAQ",0.0916538470969568,"node_type1",0.0916813299649531,"node_type2",0.225242208117765,0.154007281146292
"142",1384,"ZAP70",0.0531305514660095,"node_type1",0.053109161419107,"node_type2",0.302014398676344,0.0781516265374872
